{"cameraMode":{"drawMode":0,"name":"Shaded","section":"Shading Mode"},"sceneLighting":false,"audioPlay":false,"sceneViewState":{"showFog":true,"showMaterialUpdate":false,"showSkybox":true,"showFlares":true,"showImageEffects":true,"showParticleSystems":true},"in2DMode":false,"pivot":{"x":-0.18531668186187745,"y":1.5791921615600587,"z":3.441016435623169},"rotation":{"x":0.1636190414428711,"y":-0.021611100062727929,"z":0.0035817271564155819,"w":0.9862803816795349},"size":1.678853988647461,"orthographic":false}